{
  "in_0": 1.5696279779076576,
  "in_1": 0.21594593953341246,
  "in_2": 0.19009389216080308,
  "in_3": 0.20717618364142254,
  "in_4": 0.3474905453622341,
  "in_5": 0.34164310805499554,
  "in_6": 0.19581089937128127,
  "in_7": 0.2322606355883181,
  "in_8": 0.2138699027709663,
  "in_9": 0.21186019899323583,
  "in_10": 0.18561575072817504,
  "in_11": 0.2378719539847225,
  "in_12": 0.2113238489255309,
  "in_13": 0.21857582463417202,
  "in_14": 0.38648837246000767,
  "in_15": 0.275199462659657,
  "in_16": 0.15746022999519482,
  "in_17": 0.36809538025408983,
  "in_18": 0.5756437424570322,
  "in_19": 0.33397268457338214,
  "in_20": 0.26850477629341185,
  "in_21": 0.14145033636305016,
  "in_22": 0.23694880958646536,
  "in_23": 0.3116068383678794,
  "in_24": 0.2950411234050989,
  "in_25": 0.2043746451381594,
  "in_26": 0.16532513838319574,
  "in_27": 0.2265974190668203,
  "in_28": 0.24774675496155396,
  "in_29": 0.35631751641631126,
  "in_30": 0.3524351418018341,
  "in_31": 0.13314541103318334,
  "in_32": 0.3270932510495186,
  "in_33": 0.32593986159190536,
  "in_34": 0.3002673452720046,
  "in_35": 0.10870097519364208,
  "in_36": 0.3246520534157753,
  "in_37": 0.24302534386515617,
  "in_bias": 3.3394774874295763e-06,
  "hidden_0": 0.5508889704942703,
  "hidden_1": 1.016480728983879,
  "hidden_2": 0.5461563505232334,
  "hidden_3": 0.7529667094349861,
  "hidden_4": 0.5538584794849157,
  "hidden_5": 0.8370179906487465,
  "hidden_6": 0.8821674138307571,
  "hidden_7": 1.2345603704452515,
  "hidden_8": 0.7583733173087239,
  "hidden_9": 0.6896892450749874,
  "hidden_bias": 0.8659350425004959,
  "out_0": 0,
  "out_1": 0,
  "out_2": 0,
  "out_3": 0,
  "out_4": 0
}