{
  "in_0": 0.03646289839201577,
  "in_1": 0.005076384371220317,
  "in_2": 0.004282896104875025,
  "in_3": 0.0016951796331458359,
  "in_4": 0.008262898852960361,
  "in_5": 0.0073840058478883116,
  "in_6": 0.0033104443013488153,
  "in_7": 0.005229081606263159,
  "in_8": 0.004594002842080079,
  "in_9": 0.0042786312935148,
  "in_10": 0.003458340494465453,
  "in_11": 0.002335321896184113,
  "in_12": 0.0038971947235659577,
  "in_13": 0.002913166423501742,
  "in_14": 0.0038400400230439655,
  "in_15": 0.007158669202332685,
  "in_16": 0.0012289838620435972,
  "in_17": 0.0071484601260701115,
  "in_18": 0.014531702188107162,
  "in_19": 0.004747780069737687,
  "in_20": 0.0046351427409078725,
  "in_21": 0.00011248236965147838,
  "in_22": 0.0044301241288731245,
  "in_23": 0.0044085543965078884,
  "in_24": 0.007385506596148089,
  "in_25": 0.0034328066531842364,
  "in_26": 0.000802659737976614,
  "in_27": 0.0015427331518566016,
  "in_28": 0.0005046978910182885,
  "in_29": 0.008612648276576753,
  "in_30": 0.00993973388929602,
  "in_31": 0.0011375633568215672,
  "in_32": 0.008066705448687995,
  "in_33": 0.006423089590749412,
  "in_34": 0.007579502974554513,
  "in_35": 0.0006234227165538856,
  "in_36": 0.008707485984886701,
  "in_37": 0.006676354024214073,
  "in_bias": 7.787505527623738e-08,
  "hidden_0": 0.007926857913626701,
  "hidden_1": 0.016321636977699817,
  "hidden_2": 0.006651498879288691,
  "hidden_3": 0.010312974731581801,
  "hidden_4": 0.005130381868449544,
  "hidden_5": 0.007497394892032416,
  "hidden_6": 0.013138559375006268,
  "hidden_7": 0.018516870923724765,
  "hidden_8": 0.0028855781578884638,
  "hidden_9": 0.0038678218569359324,
  "hidden_bias": 0.011176674242944652,
  "out_0": 0.0,
  "out_1": 0.0,
  "out_2": 0.0,
  "out_3": 0.0,
  "out_4": 0.0
}